id,developer
549,"mvw,tfmorris"
1641,mkl
1671,Andrea
1884,Andrea
1911,Andrea
1942,"mvw,mkl"
2144,mvw
2145,mvw
2225,mvw
2460,Andrea
2472,tfmorris
2500,tfmorris
2522,mvw
2618,mvw
2712,mvw
2732,mkl
3100,mkl
3145,bobtarling
3164,mvw
3197,mvw
3350,mvw
3363,mvw
3498,mvw
3619,bobtarling
3631,mkl
3665,mvw
3711,tfmorris
3718,tfmorris
3773,mkl
3774,mvw
3790,Andrea
3803,mvw
3812,bobtarling
3814,mvw
3848,tfmorris
3882,mvw
3911,mvw
3912,mvw
3918,mvw
3921,Andrea
3923,tfmorris
3938,tfmorris
3945,mvw
3947,tfmorris
3974,mvw
4005,mvw
4007,"mvw,tfmorris"
4019,tfmorris
4031,mvw
4037,tfmorris
4043,mvw
4049,mvw
4078,mvw
4085,tfmorris
4088,mvw
4100,mvw
4101,mkl
4103,tfmorris
4129,mvw
4130,bobtarling
4137,mvw
4148,"mvw,tfmorris"
4155,Andrea
4162,linus
4173,tfmorris
4178,mvw
4180,mvw
4181,bobtarling
4194,mvw
4200,mvw
4222,mvw
4227,mvw
4231,mvw
4245,mvw
4272,mvw
4276,mvw
4279,mvw
4280,Andrea
4281,mvw
4298,mvw
4302,mvw
4324,Andrea
4330,Andrea
4342,bobtarling
4349,mvw
4354,bobtarling
4362,bobtarling
4363,mvw
4364,bobtarling
4367,bobtarling
4372,"bobtarling,tfmorris"
